{
  "model_analysis": {
    "bge_official_BAAI_bge-reranker-v2-m3": {
      "total_tests": 6,
      "successful_tests": 6,
      "success_rate": 100.0,
      "avg_time": 0.24985945224761963,
      "min_time": 0,
      "max_time": 1.2121238708496094
    },
    "bge_ollama_bge-base": {
      "total_tests": 6,
      "successful_tests": 6,
      "success_rate": 100.0,
      "avg_time": 0.08072010676066081,
      "min_time": 0.0014002323150634766,
      "max_time": 0.3824901580810547
    },
    "qwen_ollama": {
      "total_tests": 3,
      "successful_tests": 0,
      "success_rate": 0.0,
      "avg_time": 0,
      "min_time": 0,
      "max_time": 0
    },
    "bge_ollama_bgelarge": {
      "total_tests": 6,
      "successful_tests": 1,
      "success_rate": 16.666666666666664,
      "avg_time": 0.0007922649383544922,
      "min_time": 0.0007922649383544922,
      "max_time": 0.0007922649383544922
    },
    "qwen_official_Qwen_Qwen3-Reranker-4B": {
      "total_tests": 6,
      "successful_tests": 6,
      "success_rate": 100.0,
      "avg_time": 1.0734126567840576,
      "min_time": 0,
      "max_time": 2.1889820098876953
    },
    "qwen_ollama_qwen34b": {
      "total_tests": 6,
      "successful_tests": 1,
      "success_rate": 16.666666666666664,
      "avg_time": 0.001332998275756836,
      "min_time": 0.001332998275756836,
      "max_time": 0.001332998275756836
    },
    "qwen_ollama_qwen3-8b": {
      "total_tests": 6,
      "successful_tests": 6,
      "success_rate": 100.0,
      "avg_time": 0.3243122100830078,
      "min_time": 0.0014519691467285156,
      "max_time": 1.8496320247650146
    },
    "bge_ollama_bge-large": {
      "total_tests": 6,
      "successful_tests": 6,
      "success_rate": 100.0,
      "avg_time": 0.07331983248392741,
      "min_time": 0.002190113067626953,
      "max_time": 0.3352670669555664
    },
    "qwen_ollama_qwen3-0.6b": {
      "total_tests": 6,
      "successful_tests": 6,
      "success_rate": 100.0,
      "avg_time": 0.07506577173868816,
      "min_time": 0.0024857521057128906,
      "max_time": 0.3741440773010254
    },
    "bge_official_BAAI_bge-reranker-large": {
      "total_tests": 6,
      "successful_tests": 6,
      "success_rate": 100.0,
      "avg_time": 0.20632994174957275,
      "min_time": 0,
      "max_time": 1.1017439365386963
    },
    "bge_official_BAAI_bge-reranker-base": {
      "total_tests": 6,
      "successful_tests": 6,
      "success_rate": 100.0,
      "avg_time": 0.11999074618021648,
      "min_time": 0,
      "max_time": 0.5591509342193604
    },
    "qwen_ollama_qwen3-4b": {
      "total_tests": 6,
      "successful_tests": 6,
      "success_rate": 100.0,
      "avg_time": 0.19913884003957114,
      "min_time": 0.0021331310272216797,
      "max_time": 1.0788443088531494
    },
    "qwen_ollama_qwen3p6b": {
      "total_tests": 6,
      "successful_tests": 1,
      "success_rate": 16.666666666666664,
      "avg_time": 0.0010759830474853516,
      "min_time": 0.0010759830474853516,
      "max_time": 0.0010759830474853516
    },
    "qwen_official_Qwen_Qwen3-Reranker-8B": {
      "total_tests": 6,
      "successful_tests": 6,
      "success_rate": 100.0,
      "avg_time": 3.1290971438090005,
      "min_time": 0,
      "max_time": 12.067278146743774
    },
    "bge_ollama_bgetest": {
      "total_tests": 6,
      "successful_tests": 1,
      "success_rate": 16.666666666666664,
      "avg_time": 0.0011992454528808594,
      "min_time": 0.0011992454528808594,
      "max_time": 0.0011992454528808594
    },
    "bge_ollama_bgev2m3": {
      "total_tests": 6,
      "successful_tests": 1,
      "success_rate": 16.666666666666664,
      "avg_time": 0.0012390613555908203,
      "min_time": 0.0012390613555908203,
      "max_time": 0.0012390613555908203
    },
    "qwen_ollama_qwen38b": {
      "total_tests": 6,
      "successful_tests": 1,
      "success_rate": 16.666666666666664,
      "avg_time": 0.0007731914520263672,
      "min_time": 0.0007731914520263672,
      "max_time": 0.0007731914520263672
    },
    "bge_ollama": {
      "total_tests": 3,
      "successful_tests": 0,
      "success_rate": 0.0,
      "avg_time": 0,
      "min_time": 0,
      "max_time": 0
    },
    "qwen_official_Qwen_Qwen3-Reranker-0.6B": {
      "total_tests": 6,
      "successful_tests": 6,
      "success_rate": 100.0,
      "avg_time": 0.25758711496988934,
      "min_time": 0,
      "max_time": 0.48229408264160156
    },
    "bge_ollama_bge-v2-m3": {
      "total_tests": 6,
      "successful_tests": 6,
      "success_rate": 100.0,
      "avg_time": 0.07345124085744222,
      "min_time": 0.002585887908935547,
      "max_time": 0.33933091163635254
    }
  },
  "performance_ranking": [
    [
      "qwen_ollama",
      {
        "total_tests": 3,
        "successful_tests": 0,
        "success_rate": 0.0,
        "avg_time": 0,
        "min_time": 0,
        "max_time": 0
      }
    ],
    [
      "bge_ollama",
      {
        "total_tests": 3,
        "successful_tests": 0,
        "success_rate": 0.0,
        "avg_time": 0,
        "min_time": 0,
        "max_time": 0
      }
    ],
    [
      "qwen_ollama_qwen38b",
      {
        "total_tests": 6,
        "successful_tests": 1,
        "success_rate": 16.666666666666664,
        "avg_time": 0.0007731914520263672,
        "min_time": 0.0007731914520263672,
        "max_time": 0.0007731914520263672
      }
    ],
    [
      "bge_ollama_bgelarge",
      {
        "total_tests": 6,
        "successful_tests": 1,
        "success_rate": 16.666666666666664,
        "avg_time": 0.0007922649383544922,
        "min_time": 0.0007922649383544922,
        "max_time": 0.0007922649383544922
      }
    ],
    [
      "qwen_ollama_qwen3p6b",
      {
        "total_tests": 6,
        "successful_tests": 1,
        "success_rate": 16.666666666666664,
        "avg_time": 0.0010759830474853516,
        "min_time": 0.0010759830474853516,
        "max_time": 0.0010759830474853516
      }
    ],
    [
      "bge_ollama_bgetest",
      {
        "total_tests": 6,
        "successful_tests": 1,
        "success_rate": 16.666666666666664,
        "avg_time": 0.0011992454528808594,
        "min_time": 0.0011992454528808594,
        "max_time": 0.0011992454528808594
      }
    ],
    [
      "bge_ollama_bgev2m3",
      {
        "total_tests": 6,
        "successful_tests": 1,
        "success_rate": 16.666666666666664,
        "avg_time": 0.0012390613555908203,
        "min_time": 0.0012390613555908203,
        "max_time": 0.0012390613555908203
      }
    ],
    [
      "qwen_ollama_qwen34b",
      {
        "total_tests": 6,
        "successful_tests": 1,
        "success_rate": 16.666666666666664,
        "avg_time": 0.001332998275756836,
        "min_time": 0.001332998275756836,
        "max_time": 0.001332998275756836
      }
    ],
    [
      "bge_ollama_bge-large",
      {
        "total_tests": 6,
        "successful_tests": 6,
        "success_rate": 100.0,
        "avg_time": 0.07331983248392741,
        "min_time": 0.002190113067626953,
        "max_time": 0.3352670669555664
      }
    ],
    [
      "bge_ollama_bge-v2-m3",
      {
        "total_tests": 6,
        "successful_tests": 6,
        "success_rate": 100.0,
        "avg_time": 0.07345124085744222,
        "min_time": 0.002585887908935547,
        "max_time": 0.33933091163635254
      }
    ],
    [
      "qwen_ollama_qwen3-0.6b",
      {
        "total_tests": 6,
        "successful_tests": 6,
        "success_rate": 100.0,
        "avg_time": 0.07506577173868816,
        "min_time": 0.0024857521057128906,
        "max_time": 0.3741440773010254
      }
    ],
    [
      "bge_ollama_bge-base",
      {
        "total_tests": 6,
        "successful_tests": 6,
        "success_rate": 100.0,
        "avg_time": 0.08072010676066081,
        "min_time": 0.0014002323150634766,